experiment_id,factor,train_domain,val_domain,test_domain,split,seed,checkpoint_rule,checkpoint_path,FOV,ghost_ratio,sampling,loss,intensity_method,mIoU,precision,recall,F1,IoU_ghost,AP,source_file,record_status,authority_rank
e0_direct_mixed_seed2026,E0_baseline,synth_C_v5+3DRef,synth_C_v5+3DRef,val,val,2026,best_F1_on_val,data/e0_direct_mixed_seed2026/best_model.pth,full,,priority,focal,none,0.6383,0.5577,0.9357,0.6988,0.5371,0.973393,data/e0_direct_mixed_seed2026/final_results.json,formal,1
e0_direct_mixed_seed2027,E0_baseline,synth_C_v5+3DRef,synth_C_v5+3DRef,val,val,2027,best_F1_on_val,data/e0_direct_mixed_seed2027/best_model.pth,full,,priority,focal,none,0.799,0.8487,0.8039,0.8257,0.7031,0.989806,data/e0_direct_mixed_seed2027/final_results.json,formal,1
e0_direct_mixed_seed2028,E0_baseline,synth_C_v5+3DRef,synth_C_v5+3DRef,val,val,2028,best_F1_on_val,data/e0_direct_mixed_seed2028/best_model.pth,full,,priority,focal,none,0.8007,0.8418,0.8147,0.828,0.7065,0.988539,data/e0_direct_mixed_seed2028/final_results.json,formal,1
e0_source_only_seed2026,E0_baseline,synth_C_v5,synth_C_v5,val,val,2026,best_F1_on_val,data/e0_source_only_seed2026/best_model.pth,full,,priority,focal,none,0.6812,0.5239,0.9135,0.6659,0.4991,0.561351,data/e0_source_only_seed2026/final_results.json,formal,1
e0_source_only_seed2027,E0_baseline,synth_C_v5,synth_C_v5,val,val,2027,best_F1_on_val,data/e0_source_only_seed2027/best_model.pth,full,,priority,focal,none,0.6901,0.5404,0.8978,0.6747,0.5091,0.512762,data/e0_source_only_seed2027/final_results.json,formal,1
e0_source_only_seed2028,E0_baseline,synth_C_v5,synth_C_v5,val,val,2028,best_F1_on_val,data/e0_source_only_seed2028/best_model.pth,full,,priority,focal,none,0.6962,0.5567,0.8713,0.6793,0.5144,0.505252,data/e0_source_only_seed2028/final_results.json,formal,1
e0_target_only_seed2026,E0_baseline,3DRef,3DRef,val,val,2026,best_F1_on_val,data/e0_target_only_seed2026/best_model.pth,full,,priority,focal,none,0.9531,0.9451,0.9936,0.9688,0.9394,0.989635,data/e0_target_only_seed2026/final_results.json,formal,1
e0_target_only_seed2027,E0_baseline,3DRef,3DRef,val,val,2027,best_F1_on_val,data/e0_target_only_seed2027/best_model.pth,full,,priority,focal,none,0.9567,0.9482,0.9953,0.9712,0.944,0.991412,data/e0_target_only_seed2027/final_results.json,formal,1
e0_target_only_seed2028,E0_baseline,3DRef,3DRef,val,val,2028,best_F1_on_val,data/e0_target_only_seed2028/best_model.pth,full,,priority,focal,none,0.9544,0.9456,0.995,0.9697,0.9411,0.990317,data/e0_target_only_seed2028/final_results.json,formal,1
e2_ratio_matched_seed2026,E2_ratio_matching,synth_ratio_matched+3DRef,synth_ratio_matched+3DRef,val,val,2026,best_F1_on_val,data/e2_ratio_matched_mixed/best_model.pth,full,10.83%,priority,focal,none,0.8284,0.9316,0.844,0.8856,0.7947,0.958345,data/e2_ratio_matched_mixed/final_results.json,formal,1
e2_ratio_matched_seed2027,E2_ratio_matching,synth_ratio_matched+3DRef,synth_ratio_matched+3DRef,val,val,2027,best_F1_on_val,data/e2_ratio_matched_seed2027/best_model.pth,full,10.83%,priority,focal,none,0.8363,0.9107,0.877,0.8935,0.8076,0.9561171533537717,data/e2_ratio_matched_seed2027/final_results.json,formal,1
e2_ratio_matched_seed2028,E2_ratio_matching,synth_ratio_matched+3DRef,synth_ratio_matched+3DRef,val,val,2028,best_F1_on_val,data/e2_ratio_matched_seed2028/best_model.pth,full,10.83%,priority,focal,none,0.6813,0.6887,0.986,0.811,0.6821,0.96139325682547,data/e2_ratio_matched_seed2028/final_results.json,formal,1
e3_mixed_fovcommon_seed2026,E3_common_FOV,synth_fov_common+3DRef_fov_common,synth_fov_common+3DRef_fov_common,val,val,2026,best_F1_on_val,data/e3_mixed_fovcommon_seed2026/best_model.pth,common(±13.45deg),,priority,focal,none,0.6985,0.6758,0.6708,0.6732,0.5074,0.715314,data/e3_mixed_fovcommon_seed2026/final_results.json,formal,1
e3_mixed_fovcommon_seed2027,E3_common_FOV,synth_fov_common+3DRef_fov_common,synth_fov_common+3DRef_fov_common,val,val,2027,best_F1_on_val,data/e3_mixed_fovcommon_seed2027/best_model.pth,common(±13.45deg),,priority,focal,none,0.6897,0.634,0.7013,0.666,0.4992,0.750201,data/e3_mixed_fovcommon_seed2027/final_results.json,formal,1
e3_mixed_fovcommon_seed2028,E3_common_FOV,synth_fov_common+3DRef_fov_common,synth_fov_common+3DRef_fov_common,val,val,2028,best_F1_on_val,data/e3_mixed_fovcommon_seed2028/best_model.pth,common(±13.45deg),,priority,focal,none,0.6754,0.6113,0.6872,0.647,0.4782,0.742844,data/e3_mixed_fovcommon_seed2028/final_results.json,formal,1
e3_target_fovcommon_seed2026,E3_common_FOV,3DRef_fov_common,3DRef_fov_common,val,val,2026,best_F1_on_val,data/e3_target_fovcommon_seed2026/best_model.pth,common(±13.45deg),,priority,focal,none,0.8858,0.8323,0.9804,0.9003,0.8187,0.948924,data/e3_target_fovcommon_seed2026/final_results.json,formal,1
e3_target_fovcommon_seed2027,E3_common_FOV,3DRef_fov_common,3DRef_fov_common,val,val,2027,best_F1_on_val,data/e3_target_fovcommon_seed2027/best_model.pth,common(±13.45deg),,priority,focal,none,0.8915,0.8468,0.9725,0.9053,0.827,0.948377,data/e3_target_fovcommon_seed2027/final_results.json,formal,1
e3_target_fovcommon_seed2028,E3_common_FOV,3DRef_fov_common,3DRef_fov_common,val,val,2028,best_F1_on_val,data/e3_target_fovcommon_seed2028/best_model.pth,common(±13.45deg),,priority,focal,none,0.8869,0.8425,0.9682,0.901,0.8198,0.943144,data/e3_target_fovcommon_seed2028/final_results.json,formal,1
e4_ce_priority_seed2026,E4_loss_sampling_ablation,3DRef,3DRef,val,val,2026,best_F1_on_val,data/e4_ce_priority_seed2026/best_model.pth,full,,priority,ce,none,0.9778,0.9816,0.9888,0.9852,0.9709,0.9971407393048898,data/e4_ce_priority_seed2026/final_results.json,formal,1
e4_ce_priority_seed2027,E4_loss_sampling_ablation,3DRef,3DRef,val,val,2027,best_F1_on_val,data/e4_ce_priority_seed2027/best_model.pth,full,,priority,ce,none,0.9801,0.9823,0.9913,0.9868,0.9739,0.9976337204001772,data/e4_ce_priority_seed2027/final_results.json,formal,1
e4_ce_priority_seed2028,E4_loss_sampling_ablation,3DRef,3DRef,val,val,2028,best_F1_on_val,data/e4_ce_priority_seed2028/best_model.pth,full,,priority,ce,none,0.9793,0.9813,0.9913,0.9863,0.9729,0.9971369931051848,data/e4_ce_priority_seed2028/final_results.json,formal,1
e4_ce_random_seed2026,E4_loss_sampling_ablation,3DRef,3DRef,val,val,2026,best_F1_on_val,data/e4_ce_random_seed2026/best_model.pth,full,,random,ce,none,0.937,0.9246,0.9573,0.9407,0.888,0.9911641407523881,data/e4_ce_random_seed2026/final_results.json,formal,1
e4_ce_random_seed2027,E4_loss_sampling_ablation,3DRef,3DRef,val,val,2027,best_F1_on_val,data/e4_ce_random_seed2027/best_model.pth,full,,random,ce,none,0.9397,0.9221,0.9658,0.9435,0.893,0.9892591717466108,data/e4_ce_random_seed2027/final_results.json,formal,1
e4_ce_random_seed2028,E4_loss_sampling_ablation,3DRef,3DRef,val,val,2028,best_F1_on_val,data/e4_ce_random_seed2028/best_model.pth,full,,random,ce,none,0.9379,0.9256,0.9582,0.9416,0.8896,0.9917163459980577,data/e4_ce_random_seed2028/final_results.json,formal,1
e4_focal_random_seed2026,E4_loss_sampling_ablation,3DRef,3DRef,val,val,2026,best_F1_on_val,data/e4_focal_random_seed2026/best_model.pth,full,,random,focal,none,0.8973,0.8305,0.9846,0.901,0.8199,0.9861337693891276,data/e4_focal_random_seed2026/final_results.json,formal,1
e4_focal_random_seed2027,E4_loss_sampling_ablation,3DRef,3DRef,val,val,2027,best_F1_on_val,data/e4_focal_random_seed2027/best_model.pth,full,,random,focal,none,0.8964,0.8297,0.9835,0.9001,0.8183,0.9873023266591151,data/e4_focal_random_seed2027/final_results.json,formal,1
e4_focal_random_seed2028,E4_loss_sampling_ablation,3DRef,3DRef,val,val,2028,best_F1_on_val,data/e4_focal_random_seed2028/best_model.pth,full,,random,focal,none,0.9007,0.8396,0.9801,0.9045,0.8256,0.9869055842859289,data/e4_focal_random_seed2028/final_results.json,formal,1
e4_wce_priority_seed2026,E4_loss_sampling_ablation,3DRef,3DRef,val,val,2026,best_F1_on_val,data/e4_wce_priority_seed2026/best_model.pth,full,,priority,weighted_ce,none,0.9711,0.9656,0.9965,0.9808,0.9623,0.9942693879757434,data/e4_wce_priority_seed2026/final_results.json,formal,1
e4_wce_priority_seed2027,E4_loss_sampling_ablation,3DRef,3DRef,val,val,2027,best_F1_on_val,data/e4_wce_priority_seed2027/best_model.pth,full,,priority,weighted_ce,none,0.9712,0.9651,0.9972,0.9809,0.9626,0.9958953644202252,data/e4_wce_priority_seed2027/final_results.json,formal,1
e4_wce_priority_seed2028,E4_loss_sampling_ablation,3DRef,3DRef,val,val,2028,best_F1_on_val,data/e4_wce_priority_seed2028/best_model.pth,full,,priority,weighted_ce,none,0.9704,0.9648,0.9964,0.9804,0.9615,0.9949128110565912,data/e4_wce_priority_seed2028/final_results.json,formal,1
e4_wce_random_seed2026,E4_loss_sampling_ablation,3DRef,3DRef,val,val,2026,best_F1_on_val,data/e4_wce_random_seed2026/best_model.pth,full,,random,weighted_ce,none,0.925,0.876,0.9892,0.9291,0.8677,0.9897787602989536,data/e4_wce_random_seed2026/final_results.json,formal,1
e4_wce_random_seed2027,E4_loss_sampling_ablation,3DRef,3DRef,val,val,2027,best_F1_on_val,data/e4_wce_random_seed2027/best_model.pth,full,,random,weighted_ce,none,0.9282,0.883,0.9874,0.9322,0.8731,0.9916588494627048,data/e4_wce_random_seed2027/final_results.json,formal,1
e4_wce_random_seed2028,E4_loss_sampling_ablation,3DRef,3DRef,val,val,2028,best_F1_on_val,data/e4_wce_random_seed2028/best_model.pth,full,,random,weighted_ce,none,0.9293,0.8816,0.9917,0.9334,0.8751,0.9907774019085014,data/e4_wce_random_seed2028/final_results.json,formal,1
e6_intensity_histmatch_seed2026,E6_intensity_correction,synth_intensity_corrected+3DRef,synth_intensity_corrected+3DRef,val,val,2026,best_F1_on_val,data/e6_intensity_histmatch_seed2026/best_model.pth,full,,priority,focal,histmatch,0.7965,0.7374,0.9627,0.8351,0.7169,0.954863000583041,data/e6_intensity_histmatch_seed2026/final_results.json,formal,1
e6_intensity_histmatch_seed2027,E6_intensity_correction,synth_intensity_corrected+3DRef,synth_intensity_corrected+3DRef,val,val,2027,best_F1_on_val,data/e6_intensity_histmatch_seed2027/best_model.pth,full,,priority,focal,histmatch,0.7985,0.7377,0.9676,0.8371,0.7199,0.9590271769854085,data/e6_intensity_histmatch_seed2027/final_results.json,formal,1
e6_intensity_histmatch_seed2028,E6_intensity_correction,synth_intensity_corrected+3DRef,synth_intensity_corrected+3DRef,val,val,2028,best_F1_on_val,data/e6_intensity_histmatch_seed2028/best_model.pth,full,,priority,focal,histmatch,0.7942,0.7335,0.9646,0.8333,0.7142,0.9560357474893325,data/e6_intensity_histmatch_seed2028/final_results.json,formal,1
e6_intensity_percentile_seed2026_v2,E6_intensity_correction,synth_intensity_corrected+3DRef,synth_intensity_corrected+3DRef,val,val,2026,best_F1_on_val,data/e6_intensity_percentile_seed2026_v2/best_model.pth,full,,priority,focal,percentile,0.8041,0.8656,0.7969,0.8298,0.7092,0.924688,data/e6_intensity_percentile_seed2026_v2/final_results.json,formal,1
e6_intensity_percentile_seed2027,E6_intensity_correction,synth_intensity_corrected+3DRef,synth_intensity_corrected+3DRef,val,val,2027,best_F1_on_val,data/e6_intensity_percentile_seed2027/best_model.pth,full,,priority,focal,percentile,0.7953,0.8775,0.7687,0.8195,0.6943,0.8952789744504973,data/e6_intensity_percentile_seed2027/final_results.json,formal,1
e6_intensity_percentile_seed2028,E6_intensity_correction,synth_intensity_corrected+3DRef,synth_intensity_corrected+3DRef,val,val,2028,best_F1_on_val,data/e6_intensity_percentile_seed2028/best_model.pth,full,,priority,focal,percentile,0.7913,0.817,0.8233,0.8201,0.6951,0.9047766638308142,data/e6_intensity_percentile_seed2028/final_results.json,formal,1
e6_intensity_zscore_seed2026,E6_intensity_correction,synth_intensity_corrected+3DRef,synth_intensity_corrected+3DRef,val,val,2026,best_F1_on_val,data/e6_intensity_zscore_seed2026/best_model.pth,full,,priority,focal,zscore,0.8032,0.8235,0.8412,0.8322,0.7127,0.9229566970207587,data/e6_intensity_zscore_seed2026/final_results.json,formal,1
e6_intensity_zscore_seed2027,E6_intensity_correction,synth_intensity_corrected+3DRef,synth_intensity_corrected+3DRef,val,val,2027,best_F1_on_val,data/e6_intensity_zscore_seed2027/best_model.pth,full,,priority,focal,zscore,0.793,0.8285,0.8135,0.8209,0.6962,0.9129585269086032,data/e6_intensity_zscore_seed2027/final_results.json,formal,1
e6_intensity_zscore_seed2028,E6_intensity_correction,synth_intensity_corrected+3DRef,synth_intensity_corrected+3DRef,val,val,2028,best_F1_on_val,data/e6_intensity_zscore_seed2028/best_model.pth,full,,priority,focal,zscore,0.7634,0.7002,0.9496,0.8061,0.6751,0.9411109025771452,data/e6_intensity_zscore_seed2028/final_results.json,formal,1
e0_target_only_seed2026_FROZEN_TARGET_TEST,E0_baseline_FROZEN,3DRef,N/A,3DRef_seq09_independent,test,2026,frozen_no_further_selection,data/e0_target_only_seed2026/best_model.pth,full,,priority,focal,none,0.9615,0.9632586057572974,0.9974267429153301,0.9800449516041733,0.9608707393006738,0.991986606932105,data/final_target_test_results.json,formal,1
e0_target_only_seed2027_FROZEN_TARGET_TEST,E0_baseline_FROZEN,3DRef,N/A,3DRef_seq09_independent,test,2027,frozen_no_further_selection,data/e0_target_only_seed2027/best_model.pth,full,,priority,focal,none,0.9631,0.9643191477809053,0.9980747121378076,0.9809066065522011,0.9625286776154428,0.9936604483984904,data/final_target_test_results.json,formal,1
e0_target_only_seed2028_FROZEN_TARGET_TEST,E0_baseline_FROZEN,3DRef,N/A,3DRef_seq09_independent,test,2028,frozen_no_further_selection,data/e0_target_only_seed2028/best_model.pth,full,,priority,focal,none,0.9624,0.9638380102975157,0.9977666389965043,0.9805088986867927,0.9617630867299208,0.9923892990584867,data/final_target_test_results.json,formal,1
e0_source_only_seed2026_TARGET_TEST,E0_baseline_TARGET_TEST,3DRef,N/A,3DRef_seq09_independent,test,2026,frozen_no_further_selection,data/e0_source_only_seed2026/best_model.pth,full,,priority,focal,none,0.2587,0.8171256454353825,0.0006428910937747537,0.0012847713504633412,0.0006427986077097224,0.5613509303214891,data/e0_full_target_test_metrics.json,formal,1
e0_source_only_seed2027_TARGET_TEST,E0_baseline_TARGET_TEST,3DRef,N/A,3DRef_seq09_independent,test,2027,frozen_no_further_selection,data/e0_source_only_seed2027/best_model.pth,full,,priority,focal,none,0.2583,0.249999999375,3.3854191352014416e-07,6.770828830732313e-07,3.3854156968861173e-07,0.5127622642367045,data/e0_full_target_test_metrics.json,formal,1
e0_source_only_seed2028_TARGET_TEST,E0_baseline_TARGET_TEST,3DRef,N/A,3DRef_seq09_independent,test,2028,frozen_no_further_selection,data/e0_source_only_seed2028/best_model.pth,full,,priority,focal,none,0.2583,0.24999999989583332,2.031251481120865e-06,4.062469792151794e-06,2.031239103248554e-06,0.5052523098548029,data/e0_full_target_test_metrics.json,formal,1
e0_direct_mixed_seed2026_TARGET_TEST,E0_baseline_TARGET_TEST,synth_C_v5+3DRef,N/A,3DRef_seq09_independent,test,2026,frozen_no_further_selection,data/e0_direct_mixed_seed2026/best_model.pth,full,,priority,focal,none,0.8458,0.8561532130583367,0.994525777258376,0.9201665329572379,0.8521374547559918,0.9733928452200737,data/e0_full_target_test_metrics.json,formal,1
e0_direct_mixed_seed2027_TARGET_TEST,E0_baseline_TARGET_TEST,synth_C_v5+3DRef,N/A,3DRef_seq09_independent,test,2027,frozen_no_further_selection,data/e0_direct_mixed_seed2027/best_model.pth,full,,priority,focal,none,0.9416,0.9457192434361874,0.994888355647756,0.9696808964392444,0.9411461971223826,0.989805947357382,data/e0_full_target_test_metrics.json,formal,1
e0_direct_mixed_seed2028_TARGET_TEST,E0_baseline_TARGET_TEST,synth_C_v5+3DRef,N/A,3DRef_seq09_independent,test,2028,frozen_no_further_selection,data/e0_direct_mixed_seed2028/best_model.pth,full,,priority,focal,none,0.9417,0.943844407318613,0.9972297115216614,0.9698029272009581,0.9413761332727805,0.9885385147311977,data/e0_full_target_test_metrics.json,formal,1
